commune,zone_prioritaire,pixels_touches,pixels_valides
Biscuiterie,,2,2
Cambérène,,1,0
Dakar-Plateau,,3,1
Dieuppeul-Derklé,,2,2
Fann-Point E-Amitié,,2,1
Gorée,,2,1
Grand Yoff,Grand Yoff,2,2
Grand-Dakar,,4,3
Gueule Tapée-Fass-Colobane,,2,1
HLM,,2,2
Hann Bel-Air,,2,2
Mermoz-Sacré-Cœur,,2,1
Médina,Médina,2,1
Ngor,,4,1
Ouakam,,2,1
Parcelles Assainies,,3,1
Patte d'Oie,,4,2
Sicap-Liberté,,1,1
Yoff,,4,1
Golf Sud,Guédiawaye,2,1
Medina Gounass,Guédiawaye,1,0
Ndiarème Limamoulaye,Guédiawaye,1,0
Sam Notaire,Guédiawaye,2,0
Wakhinane Nimzatt,Guédiawaye,1,0
Jaxaay - Parcelles,,3,3
Keur Massar Nord,,4,2
Keur Massar Sud,,2,2
Malika,,5,1
Yeumbeul Nord,Yeumbeul,3,1
Yeumbeul Sud,Yeumbeul,2,1
Dalifort,Pikine,2,1
Diamaguène-Sicap Mbao,Pikine,4,2
Djidah Thiaroye Kaw,Pikine,1,0
Guinaw Rail Nord,Pikine,2,0
Guinaw Rail Sud,Pikine,2,0
Mbao,Pikine,3,3
Pikine Est,Pikine,1,0
Pikine Nord,Pikine,2,0
Pikine Ouest,Pikine,4,1
Thiaroye-Gare,Pikine,2,0
Thiaroye-sur-Mer,Pikine,1,0
Tivaouane Diacksao,Pikine,2,0
Bambylor,,8,6
Bargny,,3,2
Diamniadio,,8,7
Rufisque Est,,2,2
Rufisque Nord,,1,1
Rufisque Ouest,,4,4
Sangalkam,,7,7
Sendou,,2,1
Sébikhotane,,4,4
Tivaouane Peulh-Niaga,,7,3
Yenne,,7,5
