date,pluie_moy_mm,pluie_max_pixel_mm,n_pixels,source,cumul_3j_mm
2023-06-01,5.6272917,7.1290684,20,definitif,5.627291679382324
2023-06-02,0.0,0.0,20,definitif,5.627291679382324
2023-06-03,0.0,0.0,20,definitif,5.627291679382324
2023-06-04,0.0,0.0,20,definitif,0.0
2023-06-05,0.0,0.0,20,definitif,0.0
2023-06-06,0.0,0.0,20,definitif,0.0
2023-06-07,0.0,0.0,20,definitif,0.0
2023-06-08,0.0,0.0,20,definitif,0.0
2023-06-09,0.0,0.0,20,definitif,0.0
2023-06-10,0.0,0.0,20,definitif,0.0
2023-06-11,0.0,0.0,20,definitif,0.0
2023-06-12,0.0,0.0,20,definitif,0.0
2023-06-13,0.0,0.0,20,definitif,0.0
2023-06-14,0.0,0.0,20,definitif,0.0
2023-06-15,0.0,0.0,20,definitif,0.0
2023-06-16,0.0,0.0,20,definitif,0.0
2023-06-17,0.0,0.0,20,definitif,0.0
2023-06-18,0.0,0.0,20,definitif,0.0
2023-06-19,0.0,0.0,20,definitif,0.0
2023-06-20,0.0,0.0,20,definitif,0.0
2023-06-21,0.0,0.0,20,definitif,0.0
2023-06-22,0.0,0.0,20,definitif,0.0
2023-06-23,0.0,0.0,20,definitif,0.0
2023-06-24,0.0,0.0,20,definitif,0.0
2023-06-25,0.0,0.0,20,definitif,0.0
2023-06-26,0.0,0.0,20,definitif,0.0
2023-06-27,0.0,0.0,20,definitif,0.0
2023-06-28,0.0,0.0,20,definitif,0.0
2023-06-29,0.0,0.0,20,definitif,0.0
2023-06-30,0.0,0.0,20,definitif,0.0
2023-07-01,0.0,0.0,20,definitif,0.0
2023-07-02,0.0,0.0,20,definitif,0.0
2023-07-03,1.9000441,5.743637,20,definitif,1.9000440835952759
2023-07-04,0.0,0.0,20,definitif,1.9000440835952759
2023-07-05,0.0,0.0,20,definitif,1.9000440835952759
2023-07-06,0.0,0.0,20,definitif,0.0
2023-07-07,0.0,0.0,20,definitif,0.0
2023-07-08,0.0,0.0,20,definitif,0.0
2023-07-09,0.0,0.0,20,definitif,0.0
2023-07-10,0.0,0.0,20,definitif,0.0
2023-07-11,8.063163,10.05757,20,definitif,8.063162803649902
2023-07-12,0.0,0.0,20,definitif,8.063162803649902
2023-07-13,4.5200047,6.2827916,20,definitif,12.583167552947998
2023-07-14,0.4503998,3.425312,20,definitif,4.970404535531998
2023-07-15,0.0,0.0,20,definitif,4.970404535531998
2023-07-16,0.0,0.0,20,definitif,0.450399786233902
2023-07-17,0.49967337,2.95948,20,definitif,0.49967336654663086
2023-07-18,5.0231194,8.535074,20,definitif,5.522792816162109
2023-07-19,1.2385077,2.712433,20,definitif,6.761300563812256
2023-07-20,0.32601953,4.384262,20,definitif,6.587646722793579
2023-07-21,0.0,0.0,20,definitif,1.5645272731781006
2023-07-22,0.0,0.0,20,definitif,0.3260195255279541
2023-07-23,0.0,0.0,20,definitif,0.0
2023-07-24,36.755005,49.691303,20,definitif,36.7550048828125
2023-07-25,1.4291389,6.2708645,20,definitif,38.18414378166199
2023-07-26,0.0,0.0,20,definitif,38.18414378166199
2023-07-27,0.0,0.0,20,definitif,1.4291388988494873
2023-07-28,0.0,0.0,20,definitif,0.0
2023-07-29,9.608074,12.808553,20,definitif,9.608074188232422
2023-07-30,14.245317,20.984768,20,definitif,23.853391647338867
2023-07-31,0.93001926,5.246192,20,definitif,24.783410906791687
2023-08-01,0.0,0.0,20,definitif,15.175336718559265
2023-08-02,0.0,0.0,20,definitif,0.9300192594528198
2023-08-03,0.0,0.0,20,definitif,0.0
2023-08-04,0.0,0.0,20,definitif,0.0
2023-08-05,0.0,0.0,20,definitif,0.0
2023-08-06,1.1584622,5.67632,20,definitif,1.1584621667861938
2023-08-07,0.22493644,2.3369732,20,definitif,1.3833986073732376
2023-08-08,0.0,0.0,20,definitif,1.3833986073732376
2023-08-09,0.0,0.0,20,definitif,0.22493644058704376
2023-08-10,0.0,0.0,20,definitif,0.0
2023-08-11,0.0,0.0,20,definitif,0.0
2023-08-12,11.860513,18.727987,20,definitif,11.860512733459473
2023-08-13,16.671658,20.25492,20,definitif,28.532170295715332
2023-08-14,7.144629,11.967934,20,definitif,35.676799297332764
2023-08-15,13.811833,20.25492,20,definitif,37.62811994552612
2023-08-16,12.773525,22.045101,20,definitif,33.72998762130737
2023-08-17,14.822026,21.913935,20,definitif,41.40738487243652
2023-08-18,0.0,0.0,20,definitif,27.59555149078369
2023-08-19,22.862768,36.17243,20,definitif,37.684794425964355
2023-08-20,31.311853,40.259396,20,definitif,54.17462158203125
2023-08-21,13.151392,20.212404,20,definitif,67.32601356506348
2023-08-22,0.0,0.0,20,definitif,44.4632453918457
2023-08-23,0.0,0.0,20,definitif,13.151391983032227
2023-08-24,22.328266,27.576176,20,definitif,22.328266143798828
2023-08-25,0.0,0.0,20,definitif,22.328266143798828
2023-08-26,0.0,0.0,20,definitif,22.328266143798828
2023-08-27,0.0,0.0,20,definitif,0.0
2023-08-28,17.996943,22.316265,20,definitif,17.9969425201416
2023-08-29,35.993885,44.63253,20,definitif,53.990827560424805
2023-08-30,0.6817226,13.634452,20,definitif,54.67255014181137
2023-08-31,0.0,0.0,20,definitif,36.67560762166977
2023-09-01,9.925753,13.312562,20,definitif,10.607475221157074
2023-09-02,21.21194,27.208717,20,definitif,31.137693405151367
2023-09-03,0.0,0.0,20,definitif,31.137693405151367
2023-09-04,11.589233,19.251488,20,definitif,32.80117416381836
2023-09-05,10.60597,13.604359,20,definitif,22.19520378112793
2023-09-06,0.5227749,10.455498,20,definitif,22.71797865629196
2023-09-07,14.598589,23.09374,20,definitif,25.727334201335907
2023-09-08,19.446424,30.811481,20,definitif,34.56778830289841
2023-09-09,0.0,0.0,20,definitif,34.045013427734375
2023-09-10,4.1319094,14.830432,20,definitif,23.578333854675293
2023-09-11,1.0930545,6.3400803,20,definitif,5.224963903427124
2023-09-12,22.001904,25.739979,20,definitif,27.22686743736267
2023-09-13,0.0,0.0,20,definitif,23.094958066940308
2023-09-14,0.0,0.0,20,definitif,22.001903533935547
2023-09-15,0.0,0.0,20,definitif,0.0
2023-09-16,5.6674967,10.602977,20,definitif,5.667496681213379
2023-09-17,2.1828265,9.704765,20,definitif,7.85032320022583
2023-09-18,11.527295,19.659182,20,definitif,19.377618312835693
2023-09-19,8.863811,11.060122,20,definitif,22.57393217086792
2023-09-20,20.070936,32.846355,20,definitif,40.4620418548584
2023-09-21,11.1463785,17.84658,20,definitif,40.081125259399414
2023-09-22,5.5316358,10.929012,20,definitif,36.748950481414795
2023-09-23,7.683734,12.882006,20,definitif,24.361748218536377
2023-09-24,0.0,0.0,20,definitif,13.215369701385498
2023-09-25,4.8989363,6.9730816,20,definitif,12.582670211791992
2023-09-26,0.0,0.0,20,definitif,4.8989362716674805
2023-09-27,0.0,0.0,20,definitif,4.8989362716674805
2023-09-28,23.508827,27.45411,20,definitif,23.508827209472656
2023-09-29,0.0,0.0,20,definitif,23.508827209472656
2023-09-30,0.0,0.0,20,definitif,23.508827209472656
2023-10-01,0.0,0.0,20,definitif,0.0
2023-10-02,0.0,0.0,20,definitif,0.0
2023-10-03,8.719137,14.540319,20,definitif,8.719137191772461
2023-10-04,6.193753,21.055248,20,definitif,14.912889957427979
2023-10-05,0.0,0.0,20,definitif,14.912889957427979
2023-10-06,0.0,0.0,20,definitif,6.193752765655518
2023-10-07,0.5768255,2.6876886,20,definitif,0.5768254995346069
2023-10-08,7.10091,15.194443,20,definitif,7.677735686302185
2023-10-09,0.0,0.0,20,definitif,7.677735686302185
2023-10-10,0.0,0.0,20,definitif,7.100910186767578
2023-10-11,0.0,0.0,20,definitif,0.0
2023-10-12,0.29323322,3.9948788,20,definitif,0.2932332158088684
2023-10-13,4.4854827,7.6618967,20,definitif,4.778715908527374
2023-10-14,0.0,0.0,20,definitif,4.778715908527374
2023-10-15,0.8712187,8.274864,20,definitif,5.356701374053955
2023-10-16,0.17874643,2.544842,20,definitif,1.049965113401413
2023-10-17,0.0,0.0,20,definitif,1.049965113401413
2023-10-18,0.0,0.0,20,definitif,0.17874643206596375
2023-10-19,0.0,0.0,20,definitif,0.0
2023-10-20,0.0,0.0,20,definitif,0.0
2023-10-21,0.0,0.0,20,definitif,0.0
2023-10-22,0.0,0.0,20,definitif,0.0
2023-10-23,0.0,0.0,20,definitif,0.0
2023-10-24,0.0,0.0,20,definitif,0.0
2023-10-25,0.0,0.0,20,definitif,0.0
2023-10-26,0.0,0.0,20,definitif,0.0
2023-10-27,0.0,0.0,20,definitif,0.0
2023-10-28,0.0,0.0,20,definitif,0.0
2023-10-29,0.0,0.0,20,definitif,0.0
2023-10-30,0.0,0.0,20,definitif,0.0
2023-10-31,0.0,0.0,20,definitif,0.0
2024-06-01,0.0,0.0,20,definitif,0.0
2024-06-02,0.0,0.0,20,definitif,0.0
2024-06-03,0.0,0.0,20,definitif,0.0
2024-06-04,0.0,0.0,20,definitif,0.0
2024-06-05,0.0,0.0,20,definitif,0.0
2024-06-06,0.0,0.0,20,definitif,0.0
2024-06-07,0.0,0.0,20,definitif,0.0
2024-06-08,0.0,0.0,20,definitif,0.0
2024-06-09,0.0,0.0,20,definitif,0.0
2024-06-10,0.0,0.0,20,definitif,0.0
2024-06-11,0.00037291227,0.0025411719,20,definitif,0.0003729122690856457
2024-06-12,2.453905e-05,5.7319172e-05,20,definitif,0.00039745131834934
2024-06-13,0.12181102,0.22915716,20,definitif,0.1222084687124152
2024-06-14,0.37475425,0.9189186,20,definitif,0.4965898064929206
2024-06-15,0.8623408,2.2370658,20,definitif,1.3589060753583908
2024-06-16,0.0,0.0,20,definitif,1.237095057964325
2024-06-17,0.0,0.0,20,definitif,0.8623408079147339
2024-06-18,0.0,0.0,20,definitif,0.0
2024-06-19,3.4090512,5.256893,20,definitif,3.4090511798858643
2024-06-20,0.0,0.0,20,definitif,3.4090511798858643
2024-06-21,0.0,0.0,20,definitif,3.4090511798858643
2024-06-22,0.0,0.0,20,definitif,0.0
2024-06-23,0.0,0.0,20,definitif,0.0
2024-06-24,0.0,0.0,20,definitif,0.0
2024-06-25,0.0,0.0,20,definitif,0.0
2024-06-26,0.0,0.0,20,definitif,0.0
2024-06-27,0.0,0.0,20,definitif,0.0
2024-06-28,0.0,0.0,20,definitif,0.0
2024-06-29,0.0,0.0,20,definitif,0.0
2024-06-30,0.0,0.0,20,definitif,0.0
2024-07-01,0.0,0.0,20,definitif,0.0
2024-07-02,0.0,0.0,20,definitif,0.0
2024-07-03,0.0,0.0,20,definitif,0.0
2024-07-04,0.0,0.0,20,definitif,0.0
2024-07-05,0.0,0.0,20,definitif,0.0
2024-07-06,0.0,0.0,20,definitif,0.0
2024-07-07,25.334782,40.049126,20,definitif,25.334781646728516
2024-07-08,15.313173,31.779404,20,definitif,40.6479549407959
2024-07-09,0.0,0.0,20,definitif,40.6479549407959
2024-07-10,0.0,0.0,20,definitif,15.313173294067383
2024-07-11,0.0,0.0,20,definitif,0.0
2024-07-12,0.0,0.0,20,definitif,0.0
2024-07-13,0.0,0.0,20,definitif,0.0
2024-07-14,0.0,0.0,20,definitif,0.0
2024-07-15,0.7916216,2.5431263,20,definitif,0.7916216254234314
2024-07-16,0.0,0.0,20,definitif,0.7916216254234314
2024-07-17,0.0,0.0,20,definitif,0.7916216254234314
2024-07-18,13.194557,18.121231,20,definitif,13.194557189941406
2024-07-19,0.57893336,3.0210445,20,definitif,13.77349054813385
2024-07-20,0.0,0.0,20,definitif,13.77349054813385
2024-07-21,0.0,0.0,20,definitif,0.5789333581924438
2024-07-22,0.0,0.0,20,definitif,0.0
2024-07-23,0.0,0.0,20,definitif,0.0
2024-07-24,6.0418134,9.395876,20,definitif,6.041813373565674
2024-07-25,19.795477,26.60499,20,definitif,25.837290287017822
2024-07-26,0.0,0.0,20,definitif,25.837290287017822
2024-07-27,0.0,0.0,20,definitif,19.79547691345215
2024-07-28,0.0,0.0,20,definitif,0.0
2024-07-29,0.0,0.0,20,definitif,0.0
2024-07-30,0.0,0.0,20,definitif,0.0
2024-07-31,0.0691932,1.383864,20,definitif,0.06919319927692413
2024-08-01,0.0,0.0,20,definitif,0.06919319927692413
2024-08-02,0.0,0.0,20,definitif,0.06919319927692413
2024-08-03,3.157071,8.917162,20,definitif,3.157071113586426
2024-08-04,15.521433,21.374699,20,definitif,18.67850399017334
2024-08-05,1.0194947,5.214333,20,definitif,19.697998642921448
2024-08-06,0.0,0.0,20,definitif,16.540927529335022
2024-08-07,0.0,0.0,20,definitif,1.019494652748108
2024-08-08,0.0,0.0,20,definitif,0.0
2024-08-09,0.0,0.0,20,definitif,0.0
2024-08-10,0.0,0.0,20,definitif,0.0
2024-08-11,0.0,0.0,20,definitif,0.0
2024-08-12,0.0,0.0,20,definitif,0.0
2024-08-13,0.0,0.0,20,definitif,0.0
2024-08-14,0.0,0.0,20,definitif,0.0
2024-08-15,0.11276482,2.2552965,20,definitif,0.11276482045650482
2024-08-16,1.684976,10.250343,20,definitif,1.7977408021688461
2024-08-17,17.710215,22.779268,20,definitif,19.50795541703701
2024-08-18,8.855107,11.389634,20,definitif,28.250297904014587
2024-08-19,26.371515,37.307484,20,definitif,52.9368371963501
2024-08-20,12.68522,25.180107,20,definitif,47.911842346191406
2024-08-21,1.4587094,2.6568527,20,definitif,40.51544439792633
2024-08-22,19.325008,28.866491,20,definitif,33.46893751621246
2024-08-23,1.7786057,2.913489,20,definitif,22.562323451042175
2024-08-24,0.6192411,1.0068543,20,definitif,21.72285521030426
2024-08-25,5.6549425,6.6454043,20,definitif,8.052789330482483
2024-08-26,3.8174076,7.6818657,20,definitif,10.091591238975525
2024-08-27,0.017574375,0.045998428,20,definitif,9.489924496039748
2024-08-28,0.0038748342,0.022935843,20,definitif,3.838856817688793
2024-08-29,0.0,0.0,20,definitif,0.02144920965656638
2024-08-30,0.41132742,0.89507055,20,definitif,0.41520225582644343
2024-08-31,0.5086738,1.0411214,20,definitif,0.920001208782196
2024-09-01,20.25374,22.404203,20,definitif,21.17374151945114
2024-09-02,0.0,0.0,20,definitif,20.76241409778595
2024-09-03,0.0,0.0,20,definitif,20.253740310668945
2024-09-04,0.0,0.0,20,definitif,0.0
2024-09-05,0.0,0.0,20,definitif,0.0
2024-09-06,0.0,0.0,20,definitif,0.0
2024-09-07,0.0,0.0,20,definitif,0.0
2024-09-08,0.0,0.0,20,definitif,0.0
2024-09-09,1.3426739,6.361276,20,definitif,1.342673897743225
2024-09-10,0.0,0.0,20,definitif,1.342673897743225
2024-09-11,6.53695,8.435856,20,definitif,7.879624009132385
2024-09-12,0.09128329,0.10952645,20,definitif,6.628233402967453
2024-09-13,0.861372,1.0810874,20,definitif,7.489605396986008
2024-09-14,1.7536347,2.075451,20,definitif,2.706289976835251
2024-09-15,8.426462,10.626379,20,definitif,11.041468858718872
2024-09-16,4.8110595,9.456542,20,definitif,14.991156339645386
2024-09-17,18.000282,31.518827,20,definitif,31.23780393600464
2024-09-18,0.0,0.0,20,definitif,22.811341762542725
2024-09-19,0.0,0.0,20,definitif,18.000282287597656
2024-09-20,0.0,0.0,20,definitif,0.0
2024-09-21,4.848686,8.509005,20,definitif,4.848686218261719
2024-09-22,20.809605,26.84619,20,definitif,25.65829086303711
2024-09-23,1.2396078,6.8225536,20,definitif,26.89789867401123
2024-09-24,10.527891,18.878397,20,definitif,32.57710361480713
2024-09-25,6.3952394,8.509005,20,definitif,18.16273832321167
2024-09-26,53.418293,76.57522,20,definitif,70.34142351150513
2024-09-27,11.483494,35.03747,20,definitif,71.29702615737915
2024-09-28,14.154634,32.557228,20,definitif,79.05642127990723
2024-09-29,0.0,0.0,20,definitif,25.63812828063965
2024-09-30,0.0,0.0,20,definitif,14.154634475708008
2024-10-01,0.013612079,0.039003417,20,definitif,0.013612079434096813
2024-10-02,0.0,0.0,20,definitif,0.013612079434096813
2024-10-03,0.00095060153,0.0044069877,20,definitif,0.014562680968083441
2024-10-04,18.301237,22.229565,20,definitif,18.30218770785723
2024-10-05,1.1893584,1.4380785,20,definitif,19.491546061472036
2024-10-06,1.4397702,3.405588,20,definitif,20.930365681648254
2024-10-07,0.0,0.0,20,definitif,2.629128575325012
2024-10-08,0.0,0.0,20,definitif,1.439770221710205
2024-10-09,1.2823763,3.3985016,20,definitif,1.2823762893676758
2024-10-10,15.482626,28.44782,20,definitif,16.765002250671387
2024-10-11,0.0,0.0,20,definitif,16.765002250671387
2024-10-12,0.0,0.0,20,definitif,15.482625961303711
2024-10-13,0.0,0.0,20,definitif,0.0
2024-10-14,0.0,0.0,20,definitif,0.0
2024-10-15,0.0,0.0,20,definitif,0.0
2024-10-16,0.98096055,3.3941565,20,definitif,0.9809605479240417
2024-10-17,5.318836,10.022419,20,definitif,6.299796760082245
2024-10-18,2.837325,11.89186,20,definitif,9.137121856212616
2024-10-19,0.0,0.0,20,definitif,8.156161308288574
2024-10-20,0.0,0.0,20,definitif,2.837325096130371
2024-10-21,0.0,0.0,20,definitif,0.0
2024-10-22,0.0,0.0,20,definitif,0.0
2024-10-23,0.0,0.0,20,definitif,0.0
2024-10-24,0.6064912,1.5960951,20,definitif,0.606491208076477
2024-10-25,0.0,0.0,20,definitif,0.606491208076477
2024-10-26,0.0,0.0,20,definitif,0.606491208076477
2024-10-27,0.0,0.0,20,definitif,0.0
2024-10-28,0.0,0.0,20,definitif,0.0
2024-10-29,0.0,0.0,20,definitif,0.0
2024-10-30,0.0,0.0,20,definitif,0.0
2024-10-31,0.37028247,2.312224,20,definitif,0.37028247117996216
2025-06-01,0.0,0.0,20,definitif,0.0
2025-06-02,0.0,0.0,20,definitif,0.37028247117996216
2025-06-03,0.0,0.0,20,definitif,0.0
2025-06-04,0.0,0.0,20,definitif,0.0
2025-06-05,0.0,0.0,20,definitif,0.0
2025-06-06,0.0,0.0,20,definitif,0.0
2025-06-07,0.0,0.0,20,definitif,0.0
2025-06-08,0.0,0.0,20,definitif,0.0
2025-06-09,0.0,0.0,20,definitif,0.0
2025-06-10,0.0,0.0,20,definitif,0.0
2025-06-11,0.003901268,0.007917861,20,definitif,0.0039012678898870945
2025-06-12,0.003126128,0.018264933,20,definitif,0.007027396000921726
2025-06-13,5.970379,8.032791,20,definitif,5.977406271733344
2025-06-14,1.4017003,2.2741637,20,definitif,7.375205262098461
2025-06-15,2.04253e-07,5.6188145e-07,20,definitif,7.372079338240425
2025-06-16,0.0,0.0,20,definitif,1.4017004625080034
2025-06-17,0.0,0.0,20,definitif,2.042529985146757e-07
2025-06-18,0.0,0.0,20,definitif,0.0
2025-06-19,0.0,0.0,20,definitif,0.0
2025-06-20,0.0,0.0,20,definitif,0.0
2025-06-21,0.0,0.0,20,definitif,0.0
2025-06-22,0.0,0.0,20,definitif,0.0
2025-06-23,0.0,0.0,20,definitif,0.0
2025-06-24,0.0,0.0,20,definitif,0.0
2025-06-25,0.0,0.0,20,definitif,0.0
2025-06-26,0.0,0.0,20,definitif,0.0
2025-06-27,0.0,0.0,20,definitif,0.0
2025-06-28,0.0,0.0,20,definitif,0.0
2025-06-29,0.0,0.0,20,definitif,0.0
2025-06-30,0.0,0.0,20,definitif,0.0
2025-07-01,0.09237951,0.3701183,20,definitif,0.09237951040267944
2025-07-02,0.30189735,1.885703,20,definitif,0.39427685737609863
2025-07-03,3.0812984,12.88015,20,definitif,3.4755752086639404
2025-07-04,8.324554,12.826143,20,definitif,11.707750141620636
2025-07-05,2.2329245,3.5842593,20,definitif,13.638777256011963
2025-07-06,0.0,0.0,20,definitif,10.557478904724121
2025-07-07,1.666116,8.438232,20,definitif,3.899040460586548
2025-07-08,0.0,0.0,20,definitif,1.6661159992218018
2025-07-09,0.0,0.0,20,definitif,1.6661159992218018
2025-07-10,0.42210826,8.442165,20,definitif,0.4221082627773285
2025-07-11,0.0,0.0,20,definitif,0.4221082627773285
2025-07-12,0.0,0.0,20,definitif,0.4221082627773285
2025-07-13,0.0,0.0,20,definitif,0.0
2025-07-14,0.0,0.0,20,definitif,0.0
2025-07-15,0.7729267,4.219901,20,definitif,0.7729266881942749
2025-07-16,0.0,0.0,20,definitif,0.7729266881942749
2025-07-17,0.0,0.0,20,definitif,0.7729266881942749
2025-07-18,0.0,0.0,20,definitif,0.0
2025-07-19,0.0,0.0,20,definitif,0.0
2025-07-20,0.7723849,8.21862,20,definitif,0.7723848819732666
2025-07-21,3.9929912,8.084012,20,definitif,4.765376091003418
2025-07-22,0.0,0.0,20,definitif,4.765376091003418
2025-07-23,0.0,0.0,20,definitif,3.9929912090301514
2025-07-24,0.0,0.0,20,definitif,0.0
2025-07-25,0.0,0.0,20,definitif,0.0
2025-07-26,0.0,0.0,20,definitif,0.0
2025-07-27,0.0,0.0,20,definitif,0.0
2025-07-28,5.881181,10.031873,20,definitif,5.881180763244629
2025-07-29,0.0,0.0,20,definitif,5.881180763244629
2025-07-30,0.0,0.0,20,definitif,5.881180763244629
2025-07-31,0.0,0.0,20,definitif,0.0
2025-08-01,0.0,0.0,20,definitif,0.0
2025-08-02,5.311467,7.6077676,20,definitif,5.311467170715332
2025-08-03,4.6353383,6.6009393,20,definitif,9.946805477142334
2025-08-04,0.0,0.0,20,definitif,9.946805477142334
2025-08-05,7.008792,8.813977,20,definitif,11.644130229949951
2025-08-06,0.0,0.0,20,definitif,7.008791923522949
2025-08-07,0.0,0.0,20,definitif,7.008791923522949
2025-08-08,21.62244,29.579157,20,definitif,21.622440338134766
2025-08-09,15.040581,23.370762,20,definitif,36.663021087646484
2025-08-10,10.741423,16.790619,20,definitif,47.40444374084473
2025-08-11,22.729523,38.050804,20,definitif,48.511526107788086
2025-08-12,15.184015,21.975174,20,definitif,48.65496063232422
2025-08-13,0.0,0.0,20,definitif,37.91353797912598
2025-08-14,28.199245,38.050804,20,definitif,43.38326072692871
2025-08-15,6.985442,14.651407,20,definitif,35.18468761444092
2025-08-16,20.832441,32.859516,20,definitif,56.01712894439697
2025-08-17,15.061986,20.378933,20,definitif,42.87986946105957
2025-08-18,15.061986,20.378933,20,definitif,50.95641326904297
2025-08-19,15.061986,20.378933,20,definitif,45.18595790863037
2025-08-20,0.54339284,10.867857,20,definitif,30.66736477613449
2025-08-21,41.93488,59.578266,20,definitif,57.54025810956955
2025-08-22,30.313442,49.096737,20,definitif,72.7917143702507
2025-08-23,0.9021719,9.647789,20,definitif,73.15049344301224
2025-08-24,21.822357,25.632154,20,definitif,53.0379713177681
2025-08-25,0.0,0.0,20,definitif,22.724529087543488
2025-08-26,0.0,0.0,20,definitif,21.822357177734375
2025-08-27,5.7268095,11.26065,20,definitif,5.726809501647949
2025-08-28,33.59681,44.071037,20,definitif,39.32361888885498
2025-08-29,12.552949,19.700386,20,definitif,51.87656784057617
2025-08-30,34.21332,51.329002,20,definitif,80.36308002471924
2025-08-31,2.4726539,20.260384,20,definitif,49.238924503326416
2025-09-01,23.472012,30.857315,20,definitif,60.157987117767334
2025-09-02,0.0,0.0,20,definitif,25.94466543197632
2025-09-03,0.0,0.0,20,definitif,23.47201156616211
2025-09-04,0.0,0.0,20,definitif,0.0
2025-09-05,4.0751047,6.827763,20,definitif,4.075104713439941
2025-09-06,1.063835,4.562517,20,definitif,5.138939738273621
2025-09-07,18.142183,23.61932,20,definitif,23.28112304210663
2025-09-08,6.2027006,9.90457,20,definitif,25.408718943595886
2025-09-09,19.8885,23.61932,20,definitif,44.233384132385254
2025-09-10,7.1571198,11.463683,20,definitif,33.24832057952881
2025-09-11,12.374914,15.632316,20,definitif,39.42053413391113
2025-09-12,17.160152,25.342442,20,definitif,36.69218635559082
2025-09-13,0.0,0.0,20,definitif,29.535066604614258
2025-09-14,0.0,0.0,20,definitif,17.160152435302734
2025-09-15,11.790826,16.026602,20,definitif,11.790825843811035
2025-09-16,2.051603,6.890759,20,definitif,13.842428922653198
2025-09-17,0.0,0.0,20,definitif,13.842428922653198
2025-09-18,1.538974,8.75357,20,definitif,3.5905771255493164
2025-09-19,6.7658844,11.010733,20,definitif,8.304858446121216
2025-09-20,9.237406,13.564083,20,definitif,17.542264223098755
2025-09-21,1.0070044,8.175797,20,definitif,17.010294556617737
2025-09-22,6.603765,8.80564,20,definitif,16.848175168037415
2025-09-23,0.0,0.0,20,definitif,7.6107693910598755
2025-09-24,16.261549,22.48771,20,definitif,22.86531400680542
2025-09-25,0.0,0.0,20,definitif,16.26154899597168
2025-09-26,6.738246,12.972136,20,definitif,22.999794960021973
2025-09-27,0.0,0.0,20,definitif,6.738245964050293
2025-09-28,0.0,0.0,20,definitif,6.738245964050293
2025-09-29,0.0,0.0,20,definitif,0.0
2025-09-30,5.4823356,18.123074,20,definitif,5.482335567474365
2025-10-01,1.1906121,7.85075,20,definitif,6.672947645187378
2025-10-02,11.610636,15.99472,20,definitif,18.283583402633667
2025-10-03,0.0,0.0,20,definitif,12.801247835159302
2025-10-04,0.0,0.0,20,definitif,11.610635757446289
2025-10-05,0.0,0.0,20,definitif,0.0
2025-10-06,0.00012968761,0.0005506117,20,definitif,0.00012968761438969523
2025-10-07,2.7109878,5.714599,20,definitif,2.71111749393458
2025-10-08,0.0007838009,0.00202356,20,definitif,2.7119012948387535
2025-10-09,1.117334,2.8587086,20,definitif,3.8291056154412217
2025-10-10,0.0,0.0,20,definitif,1.1181178091210313
2025-10-11,0.0,0.0,20,definitif,1.117334008216858
2025-10-12,5.322833,11.807975,20,definitif,5.322833061218262
2025-10-13,0.0,0.0,20,definitif,5.322833061218262
2025-10-14,0.3210288,2.526242,20,definitif,5.64386186003685
2025-10-15,0.0,0.0,20,definitif,0.32102879881858826
2025-10-16,0.0,0.0,20,definitif,0.32102879881858826
2025-10-17,0.0,0.0,20,definitif,0.0
2025-10-18,0.0,0.0,20,definitif,0.0
2025-10-19,1.5051807,5.266594,20,definitif,1.5051807165145874
2025-10-20,0.0,0.0,20,definitif,1.5051807165145874
2025-10-21,0.0,0.0,20,definitif,1.5051807165145874
2025-10-22,0.0,0.0,20,definitif,0.0
2025-10-23,0.0,0.0,20,definitif,0.0
2025-10-24,0.0,0.0,20,definitif,0.0
2025-10-25,0.0,0.0,20,definitif,0.0
2025-10-26,0.0,0.0,20,definitif,0.0
2025-10-27,0.0,0.0,20,definitif,0.0
2025-10-28,0.0,0.0,20,definitif,0.0
2025-10-29,0.0,0.0,20,definitif,0.0
2025-10-30,0.0,0.0,20,definitif,0.0
2025-10-31,0.0,0.0,20,definitif,0.0
2026-06-01,0.55144304,1.1674906,20,definitif,0.5514430403709412
2026-06-02,0.17112313,0.4472018,20,definitif,0.7225661724805832
2026-06-03,0.090036035,0.30630153,20,definitif,0.8126022070646286
2026-06-04,0.090036035,0.30630153,20,definitif,0.35119520127773285
2026-06-05,0.090036035,0.30630153,20,definitif,0.27010810375213623
2026-06-06,0.0,0.0,20,definitif,0.18007206916809082
2026-06-07,0.0,0.0,20,definitif,0.09003603458404541
2026-06-08,0.0,0.0,20,definitif,0.0
2026-06-09,0.0,0.0,20,definitif,0.0
2026-06-10,0.0,0.0,20,definitif,0.0
2026-06-11,0.0,0.0,20,definitif,0.0
2026-06-12,0.0,0.0,20,definitif,0.0
2026-06-13,0.0,0.0,20,definitif,0.0
2026-06-14,0.0,0.0,20,definitif,0.0
2026-06-15,0.0,0.0,20,definitif,0.0
2026-06-16,0.0,0.0,20,definitif,0.0
2026-06-17,0.0,0.0,20,definitif,0.0
2026-06-18,0.0,0.0,20,definitif,0.0
2026-06-19,0.3446827,4.2768707,20,definitif,0.3446826934814453
2026-06-20,0.0,0.0,20,definitif,0.3446826934814453
2026-06-21,0.0,0.0,20,definitif,0.3446826934814453
2026-06-22,0.0,0.0,20,definitif,0.0
2026-06-23,0.5469143,4.6586595,20,definitif,0.546914279460907
2026-06-24,2.7542434,4.1092486,20,definitif,3.3011576533317566
2026-06-25,0.0,0.0,20,definitif,3.3011576533317566
2026-06-26,0.0,0.0,20,definitif,2.7542433738708496
2026-06-27,0.0,0.0,20,definitif,0.0
2026-06-28,0.0,0.0,20,definitif,0.0
2026-06-29,0.0,0.0,20,definitif,0.0
2026-06-30,0.0,0.0,20,definitif,0.0
2026-07-01,0.0,0.0,20,preliminaire,0.0
2026-07-02,0.0,0.0,20,preliminaire,0.0
2026-07-03,0.0,0.0,20,preliminaire,0.0
2026-07-04,0.0,0.0,20,preliminaire,0.0
2026-07-05,0.0,0.0,20,preliminaire,0.0
2026-07-06,0.0,0.0,20,preliminaire,0.0
2026-07-07,0.0,0.0,20,preliminaire,0.0
2026-07-08,0.0,0.0,20,preliminaire,0.0
2026-07-09,0.0,0.0,20,preliminaire,0.0
2026-07-10,0.0,0.0,20,preliminaire,0.0
2026-07-11,0.0,0.0,20,preliminaire,0.0
2026-07-12,0.0,0.0,20,preliminaire,0.0
2026-07-13,0.0,0.0,20,preliminaire,0.0
2026-07-14,5.0307255,8.5280905,20,preliminaire,5.030725479125977
2026-07-15,0.0,0.0,20,preliminaire,5.030725479125977
2026-07-16,0.0,0.0,20,preliminaire,5.030725479125977
2026-07-17,0.0,0.0,20,preliminaire,0.0
2026-07-18,0.8333543,5.950298,20,preliminaire,0.8333542943000793
2026-07-19,0.0,0.0,20,preliminaire,0.8333542943000793
2026-07-20,5.6823974,9.641913,20,preliminaire,6.515751659870148
2026-07-21,0.0,0.0,20,preliminaire,5.682397365570068
2026-07-22,5.749744,11.416083,20,preliminaire,11.432141304016113
2026-07-23,10.971558,14.047407,20,preliminaire,16.721301555633545
2026-07-24,0.0,0.0,20,preliminaire,16.721301555633545
2026-07-25,5.3660183,7.913467,20,preliminaire,16.337575912475586
2026-07-26,7.490184,9.844392,20,preliminaire,12.856202125549316
2026-07-27,0.0,0.0,20,preliminaire,12.856202125549316
2026-07-28,0.0,0.0,20,preliminaire,7.4901838302612305
2026-07-29,0.0,0.0,20,preliminaire,0.0
2026-07-30,0.0,0.0,20,preliminaire,0.0
2026-07-31,0.49399978,2.2115119,20,preliminaire,0.49399977922439575
2026-08-01,3.289865,9.763106,20,preliminaire,3.7838647961616516
2026-08-02,0.0,0.0,20,preliminaire,3.7838647961616516
2026-08-03,0.0,0.0,20,preliminaire,3.289865016937256
2026-08-04,0.0,0.0,20,preliminaire,0.0
2026-08-05,11.429966,16.91271,20,preliminaire,11.42996597290039
2026-08-06,8.506899,12.92377,20,preliminaire,19.936864852905273
2026-08-07,12.271406,16.670042,20,preliminaire,32.20827102661133
2026-08-08,6.0014524,8.228407,20,preliminaire,26.779757499694824
2026-08-09,12.002905,16.456814,20,preliminaire,30.275763511657715
2026-08-10,0.0,0.0,20,preliminaire,18.00435733795166
2026-08-11,0.0,0.0,20,preliminaire,12.002904891967773
2026-08-12,0.0,0.0,20,preliminaire,0.0
2026-08-13,6.7049685,8.365009,20,preliminaire,6.704968452453613
2026-08-14,13.409937,16.730019,20,preliminaire,20.11490535736084
2026-08-15,0.0,0.0,20,preliminaire,20.11490535736084
2026-08-16,2.559712,7.0847254,20,preliminaire,15.969648838043213
2026-08-17,23.5522,34.884846,20,preliminaire,26.1119122505188
2026-08-18,0.002223426,0.044468522,20,preliminaire,26.11413567652926
2026-08-19,4.866936,10.840614,20,preliminaire,28.4213599502109
2026-08-20,30.263336,39.438877,20,preliminaire,35.13249581446871
2026-08-21,0.00041587828,0.0025366307,20,preliminaire,35.130688266741345
2026-08-22,0.0,0.0,20,preliminaire,30.263752059923718
2026-08-23,0.77649844,3.7406647,20,preliminaire,0.7769143152108882
2026-08-24,39.418285,47.84219,20,preliminaire,40.19478380680084
2026-08-25,0.009950509,0.037651923,20,preliminaire,40.20473431609571
2026-08-26,3.176548,8.396743,20,preliminaire,42.604783883318305
2026-08-27,0.0,0.0,20,preliminaire,3.186498513445258
2026-08-28,0.0,0.0,20,preliminaire,3.1765480041503906
2026-08-29,7.065806,11.397116,20,preliminaire,7.065805912017822
2026-08-30,0.039179422,0.19453552,20,preliminaire,7.10498533397913
2026-08-31,0.0,0.0,20,preliminaire,7.10498533397913
2026-09-01,0.0,0.0,20,preliminaire,0.039179421961307526
2026-09-02,0.121651255,2.4330251,20,preliminaire,0.12165125459432602
2026-09-03,6.1939535,8.031452,20,preliminaire,6.315604768693447
2026-09-04,0.121651255,2.4330251,20,preliminaire,6.437256023287773
2026-09-05,0.0,0.0,20,preliminaire,6.315604768693447
2026-09-06,0.0,0.0,20,preliminaire,0.12165125459432602
2026-09-07,0.0,0.0,20,preliminaire,0.0
2026-09-08,16.471495,21.66285,20,preliminaire,16.471494674682617
2026-09-09,20.468143,25.751728,20,preliminaire,36.93963813781738
2026-09-10,0.0,0.0,20,preliminaire,36.93963813781738
2026-09-11,0.0,0.0,20,preliminaire,20.468143463134766
2026-09-12,0.0,0.0,20,preliminaire,0.0
2026-09-13,0.0,0.0,20,preliminaire,0.0
2026-09-14,0.0,0.0,20,preliminaire,0.0
2026-09-15,42.06506,47.195564,20,preliminaire,42.065059661865234
2026-09-16,0.0,0.0,20,preliminaire,42.065059661865234
2026-09-17,0.2560099,1.8434825,20,preliminaire,42.321069568395615
2026-09-18,0.39558032,2.3835948,20,preliminaire,0.6515902280807495
2026-09-19,0.2560099,1.8434825,20,preliminaire,0.9076001346111298
2026-09-20,6.2650995,8.382923,20,preliminaire,6.91668975353241
