osm_id,commune,departement,zone_prioritaire,pct_eau_20240822,couverture_pct_20240822,pct_eau_20240927,couverture_pct_20240927,pct_eau_20250829,couverture_pct_20250829,pct_eau_stagnante_moyen,nb_dates_sup_1pct,pct_eau_permanente
12982153,Tivaouane Peulh-Niaga,Rufisque,,0.63,97.1,0.67,97.0,1.07,97.2,0.79,1,16.05
12982162,Bargny,Rufisque,,0.19,96.0,0.65,96.1,0.53,96.1,0.46,0,7.42
12982370,Cambérène,Dakar,,0.51,88.6,0.47,88.6,0.29,88.6,0.42,0,0.29
12982161,Sendou,Rufisque,,0.03,95.8,0.51,95.7,0.52,95.7,0.35,0,26.95
12982141,Wakhinane Nimzatt,Guédiawaye,Guédiawaye,0.06,95.7,0.01,95.8,0.76,95.7,0.28,0,2.83
12989396,Thiaroye-Gare,Pikine,Pikine,0.45,100.0,0.38,100.0,0.0,100.0,0.28,0,0.37
12982148,Malika,Keur Massar,,0.01,94.2,0.31,94.2,0.49,94.3,0.27,0,14.07
12982155,Yenne,Rufisque,,0.2,96.7,0.33,96.7,0.22,96.7,0.25,0,8.13
12982373,Grand Yoff,Dakar,Grand Yoff,0.01,100.0,0.11,100.0,0.5,100.0,0.21,0,0.37
12982143,Ndiarème Limamoulaye,Guédiawaye,Guédiawaye,0.47,93.7,0.01,93.7,0.0,93.7,0.16,0,0.96
12989395,Tivaouane Diacksao,Pikine,Pikine,0.08,100.0,0.02,100.0,0.36,100.0,0.15,0,0.84
12982154,Bambylor,Rufisque,,0.09,98.7,0.19,98.7,0.17,98.7,0.15,0,14.71
12982157,Rufisque Ouest,Rufisque,,0.09,97.0,0.19,97.0,0.11,96.9,0.13,0,0.54
12982147,Yeumbeul Nord,Keur Massar,Yeumbeul,0.12,99.0,0.17,99.0,0.08,99.0,0.12,0,2.35
12982164,Diamniadio,Rufisque,,0.01,99.7,0.15,99.7,0.11,99.7,0.09,0,6.61
12989397,Diamaguène-Sicap Mbao,Pikine,Pikine,0.08,98.4,0.14,98.4,0.0,98.4,0.07,0,0.29
12989303,Pikine Ouest,Pikine,Pikine,0.03,98.7,0.03,99.1,0.16,98.8,0.07,0,19.54
12989253,Fann-Point E-Amitié,Dakar,,0.11,91.8,0.06,91.8,0.0,91.8,0.06,0,0.05
12988835,Hann Bel-Air,Dakar,,0.08,93.0,0.05,93.0,0.0,93.0,0.04,0,0.45
12982144,Golf Sud,Guédiawaye,Guédiawaye,0.0,98.8,0.06,98.8,0.04,98.8,0.03,0,0.25
12988608,Yoff,Dakar,,0.02,97.0,0.03,97.0,0.04,97.0,0.03,0,4.86
12989393,Mbao,Pikine,Pikine,0.01,98.1,0.01,98.1,0.06,98.1,0.03,0,0.66
12989302,Dalifort,Pikine,Pikine,0.1,93.9,0.0,93.9,0.0,93.9,0.03,0,0.84
12982168,Sangalkam,Rufisque,,0.01,100.0,0.02,100.0,0.03,100.0,0.02,0,9.42
12982149,Keur Massar Nord,Keur Massar,,0.0,99.3,0.02,99.4,0.04,99.5,0.02,0,5.17
12982371,Patte d'Oie,Dakar,,0.03,99.9,0.0,100.0,0.04,100.0,0.02,0,3.07
12988611,Mermoz-Sacré-Cœur,Dakar,,0.0,95.5,0.0,95.5,0.02,95.5,0.01,0,0.05
12982160,Jaxaay - Parcelles,Keur Massar,,0.01,100.0,0.0,100.0,0.01,100.0,0.01,0,0.42
12982142,Sam Notaire,Guédiawaye,Guédiawaye,0.0,96.7,0.03,96.7,0.0,96.7,0.01,0,0.65
12988609,Ngor,Dakar,,0.04,81.0,0.0,81.0,0.0,81.0,0.01,0,1.08
12988610,Ouakam,Dakar,,0.02,96.8,0.02,96.8,0.0,96.8,0.01,0,0.28
12982372,Parcelles Assainies,Dakar,,0.02,98.7,0.02,98.7,0.0,98.7,0.01,0,0.06
4596980,Biscuiterie,Dakar,,0.0,100.0,0.0,100.0,0.0,100.0,0.0,0,0.0
12989256,Dakar-Plateau,Dakar,,0.0,83.9,0.0,83.9,0.0,83.9,0.0,0,0.06
6998697,Grand-Dakar,Dakar,,0.0,100.0,0.0,100.0,0.0,100.0,0.0,0,0.03
12989255,Médina,Dakar,Médina,0.0,95.3,0.0,95.3,0.0,95.3,0.0,0,0.05
12988837,Dieuppeul-Derklé,Dakar,,0.0,100.0,0.0,100.0,0.0,100.0,0.0,0,0.04
12982140,Medina Gounass,Guédiawaye,Guédiawaye,0.0,100.0,0.0,100.0,0.0,100.0,0.0,0,0.03
12988838,Sicap-Liberté,Dakar,,0.0,100.0,0.0,100.0,0.0,100.0,0.0,0,0.0
12988836,HLM,Dakar,,0.0,100.0,0.0,100.0,0.0,100.0,0.0,0,0.06
12989257,Gorée,Dakar,,0.0,25.9,0.0,25.9,0.0,25.9,0.0,0,0.0
12989254,Gueule Tapée-Fass-Colobane,Dakar,,0.0,98.6,0.0,98.6,0.0,98.6,0.0,0,0.03
13067451,Keur Massar Sud,Keur Massar,,0.0,100.0,0.0,100.0,0.0,100.0,0.0,0,0.36
12982150,Yeumbeul Sud,Keur Massar,Yeumbeul,0.0,100.0,0.0,100.0,0.0,100.0,0.0,0,0.0
12989308,Djidah Thiaroye Kaw,Pikine,Pikine,0.0,100.0,0.0,100.0,0.0,100.0,0.0,0,0.63
12989307,Pikine Est,Pikine,Pikine,0.0,100.0,0.0,100.0,0.0,100.0,0.0,0,0.07
12989305,Guinaw Rail Sud,Pikine,Pikine,0.0,100.0,0.0,100.0,0.0,100.0,0.0,0,0.04
12989306,Guinaw Rail Nord,Pikine,Pikine,0.0,100.0,0.0,100.0,0.0,100.0,0.0,0,0.0
12989394,Thiaroye-sur-Mer,Pikine,Pikine,0.0,87.0,0.0,87.0,0.0,87.0,0.0,0,0.04
12989304,Pikine Nord,Pikine,Pikine,0.0,100.0,0.0,100.0,0.0,100.0,0.0,0,0.41
12982158,Rufisque Nord,Rufisque,,0.0,100.0,0.01,100.0,0.0,100.0,0.0,0,1.18
12982167,Rufisque Est,Rufisque,,0.0,96.5,0.01,96.5,0.0,96.5,0.0,0,1.15
12982163,Sébikhotane,Rufisque,,0.0,99.0,0.0,99.0,0.0,99.0,0.0,0,5.06
