osm_id,commune,alt_mediane_m,alt_moyenne_m,alt_mediane_surface_m,pct_sous_5m,pct_depression,pente_moy_deg,n_pixels_dem
12989303,Pikine Ouest,2.34,4.57,2.93,65.67,44.42,1.52,6405
12982161,Sendou,2.52,3.15,2.92,81.56,8.12,0.79,9071
12989394,Thiaroye-sur-Mer,4.98,4.91,5.72,50.32,4.69,1.78,4028
12989305,Guinaw Rail Sud,5.08,5.61,5.89,47.91,25.38,1.51,1505
12982148,Malika,5.3,5.01,5.88,47.01,34.68,1.85,12071
12989302,Dalifort,5.34,5.28,5.92,44.76,11.93,1.73,2708
12988835,Hann Bel-Air,5.62,6.13,6.6,41.64,18.93,2.15,13980
12982149,Keur Massar Nord,5.71,5.3,6.27,42.83,28.02,1.37,14648
12989306,Guinaw Rail Nord,5.78,5.87,6.16,12.23,16.76,1.01,728
12989395,Tivaouane Diacksao,5.84,5.8,6.44,15.2,12.75,1.27,1184
12982153,Tivaouane Peulh-Niaga,5.92,5.81,6.51,43.14,23.93,1.3,75335
12989393,Mbao,6.21,6.03,6.73,32.04,17.06,1.37,15497
12989255,Médina,6.26,5.93,7.03,33.01,20.8,1.99,2596
12989254,Gueule Tapée-Fass-Colobane,6.39,6.2,7.1,18.17,17.2,1.81,2256
12988609,Ngor,6.4,7.31,7.69,32.67,20.6,2.78,4860
12989257,Gorée,6.7,6.84,7.89,38.65,7.25,8.29,207
12982140,Medina Gounass,6.84,7.6,7.62,7.13,58.23,2.06,814
12989397,Diamaguène-Sicap Mbao,7.24,6.81,7.81,24.53,11.51,1.47,8321
13067451,Keur Massar Sud,7.32,7.32,7.89,1.58,7.78,1.14,5826
12982147,Yeumbeul Nord,7.66,7.4,8.63,23.25,26.92,1.69,7832
12982162,Bargny,7.7,9.1,8.16,34.08,33.08,1.68,14450
12989396,Thiaroye-Gare,7.71,7.72,8.4,1.36,11.04,1.49,1767
12989308,Djidah Thiaroye Kaw,7.93,8.85,9.05,0.14,32.27,1.85,2092
12982141,Wakhinane Nimzatt,8.38,8.4,9.27,19.91,30.1,2.35,4831
12989307,Pikine Est,8.44,8.71,9.27,0.12,24.58,1.71,830
12982370,Cambérène,9.0,9.04,9.86,15.14,20.01,2.24,2199
12982150,Yeumbeul Sud,9.33,9.17,10.13,1.0,23.07,1.68,2904
12989253,Fann-Point E-Amitié,9.85,10.56,11.03,7.96,18.14,2.28,5039
12982143,Ndiarème Limamoulaye,9.89,10.62,10.85,8.3,32.57,2.22,1446
12982160,Jaxaay - Parcelles,10.03,11.18,10.27,0.24,10.12,0.86,7448
12982142,Sam Notaire,11.19,11.97,12.21,6.46,26.17,2.24,3003
12989304,Pikine Nord,11.58,10.33,12.19,21.37,27.69,2.24,1376
12988836,HLM,12.08,11.33,12.67,7.84,18.45,1.73,1940
6998697,Grand-Dakar,12.23,11.68,12.82,16.64,46.36,2.0,1154
12982157,Rufisque Ouest,12.87,13.61,13.36,7.1,15.55,1.33,12821
12989256,Dakar-Plateau,13.97,16.61,15.47,25.45,21.59,4.62,5960
12982154,Bambylor,13.98,16.21,14.79,21.26,18.58,1.37,71731
12982144,Golf Sud,14.03,13.32,14.7,13.78,28.27,2.81,4740
4596980,Biscuiterie,16.77,16.39,17.77,0.22,17.04,1.87,1350
12982167,Rufisque Est,16.97,16.45,17.66,18.71,24.31,1.69,9035
12982371,Patte d'Oie,17.17,15.99,17.57,27.1,46.99,2.39,3543
12982372,Parcelles Assainies,18.4,16.79,19.28,5.68,18.83,2.29,4329
12982158,Rufisque Nord,18.42,17.49,18.63,2.71,30.44,1.35,7930
12982168,Sangalkam,20.23,21.79,20.65,0.0,16.6,1.03,45852
12988608,Yoff,20.93,19.83,21.22,3.36,28.01,1.76,16220
12988837,Dieuppeul-Derklé,21.96,21.25,22.68,0.0,26.91,1.73,1494
12982155,Yenne,22.07,22.85,22.43,11.91,40.7,2.19,46564
12982373,Grand Yoff,24.9,24.62,26.11,0.0,28.29,2.21,6936
12982164,Diamniadio,25.5,26.15,25.71,0.98,23.98,0.99,80718
12982163,Sébikhotane,28.54,32.58,28.91,0.0,42.2,1.92,22360
12988611,Mermoz-Sacré-Cœur,29.52,28.59,30.35,1.17,25.53,2.82,4544
12988610,Ouakam,32.09,34.24,32.79,0.94,33.64,3.79,6609
12988838,Sicap-Liberté,32.76,32.8,33.53,0.0,25.39,2.24,3537
